#napier,5
#software,1
#first,1
#Tesco,1
#fun,1
#SteakNight,1
#napier,5
#software,1
#first,1
#Tesco,1
#fun,1
#SteakNight,1
#napier,5
#software,1
#first,1
#Tesco,1
#fun,1
#SteakNight,1
#napier,5
#software,1
#first,1
#Tesco,1
#fun,1
#SteakNight,1
#Napier,3
#napier,5
#software,1
#first,1
#Tesco,1
#fun,1
#SteakNight,1
#napier,5
#software,1
#first,1
#Tesco,1
#fun,1
#SteakNight,1
#napier,5
#software,1
#first,1
#Tesco,1
#fun,1
#SteakNight,1
#napier,5
#software,1
#first,1
#Tesco,1
#fun,1
#SteakNight,1
#Napier,2
#Pinewood,1
#napier,5
#software,1
#first,1
#Tesco,1
#fun,1
#SteakNight,1
#napier,5
#software,1
#first,1
#Tesco,1
#fun,1
#SteakNight,1
#napier,5
#software,1
#first,1
#Tesco,1
#fun,1
#SteakNight,1
#napier,5
#software,1
#first,1
#Tesco,1
#fun,1
#SteakNight,1
#Napier,3
#napier,5
#software,1
#first,1
#Tesco,1
#fun,1
#SteakNight,1
#napier,5
#software,1
#first,1
#Tesco,1
#fun,1
#SteakNight,1
#napier,5
#software,1
#first,1
#Tesco,1
#fun,1
#SteakNight,1
#napier,5
#software,1
#first,1
#Tesco,1
#fun,1
#SteakNight,1
#Napier,2
#Pinewood,1
#Test,2
#napier,5
#software,1
#first,1
#Tesco,1
#fun,1
#SteakNight,1
#napier,5
#software,1
#first,1
#Tesco,1
#fun,1
#SteakNight,1
#napier,5
#software,1
#first,1
#Tesco,1
#fun,1
#SteakNight,1
#napier,5
#software,1
#first,1
#Tesco,1
#fun,1
#SteakNight,1
#Napier,3
#napier,5
#software,1
#first,1
#Tesco,1
#fun,1
#SteakNight,1
#napier,5
#software,1
#first,1
#Tesco,1
#fun,1
#SteakNight,1
#napier,5
#software,1
#first,1
#Tesco,1
#fun,1
#SteakNight,1
#napier,5
#software,1
#first,1
#Tesco,1
#fun,1
#SteakNight,1
#Napier,2
#Pinewood,1
#napier,5
#software,1
#first,1
#Tesco,1
#fun,1
#SteakNight,1
#napier,5
#software,1
#first,1
#Tesco,1
#fun,1
#SteakNight,1
#napier,5
#software,1
#first,1
#Tesco,1
#fun,1
#SteakNight,1
#napier,5
#software,1
#first,1
#Tesco,1
#fun,1
#SteakNight,1
#Napier,3
#napier,5
#software,1
#first,1
#Tesco,1
#fun,1
#SteakNight,1
#napier,5
#software,1
#first,1
#Tesco,1
#fun,1
#SteakNight,1
#napier,5
#software,1
#first,1
#Tesco,1
#fun,1
#SteakNight,1
#napier,5
#software,1
#first,1
#Tesco,1
#fun,1
#SteakNight,1
#Napier,2
#Pinewood,1
#Test,1
