@Dlister,15
@dlister,1
@Gordon,1
@Arkos,4
@Dlister,4
@dlister,1
@Gordon,1
@Arkos,2
@Dlister,10
@dlister,1
@Gordon,1
@Arkos,2
@Dlister,4
@dlister,1
@Gordon,1
@Arkos,2
@Dlister,14
@dlister,1
@Gordon,1
@Arkos,4
@Dlister,4
@dlister,1
@Gordon,1
@Arkos,2
@Dlister,10
@dlister,1
@Gordon,1
@Arkos,2
@Dlister,4
@dlister,1
@Gordon,1
@Arkos,2
@Steven,1
@Geekism,1
@Dlister,15
@dlister,1
@Gordon,1
@Arkos,4
@Dlister,4
@dlister,1
@Gordon,1
@Arkos,2
@Dlister,10
@dlister,1
@Gordon,1
@Arkos,2
@Dlister,4
@dlister,1
@Gordon,1
@Arkos,2
@Dlister,14
@dlister,1
@Gordon,1
@Arkos,4
@Dlister,4
@dlister,1
@Gordon,1
@Arkos,2
@Dlister,10
@dlister,1
@Gordon,1
@Arkos,2
@Dlister,4
@dlister,1
@Gordon,1
@Arkos,2
@Steven,1
@Geekism,1
@Dlister,15
@dlister,1
@Gordon,1
@Arkos,4
@Dlister,4
@dlister,1
@Gordon,1
@Arkos,2
@Dlister,10
@dlister,1
@Gordon,1
@Arkos,2
@Dlister,4
@dlister,1
@Gordon,1
@Arkos,2
@Dlister,14
@dlister,1
@Gordon,1
@Arkos,4
@Dlister,4
@dlister,1
@Gordon,1
@Arkos,2
@Dlister,10
@dlister,1
@Gordon,1
@Arkos,2
@Dlister,4
@dlister,1
@Gordon,1
@Arkos,2
@Steven,1
@Geekism,1
@Dlister,15
@dlister,1
@Gordon,1
@Arkos,4
@Dlister,4
@dlister,1
@Gordon,1
@Arkos,2
@Dlister,10
@dlister,1
@Gordon,1
@Arkos,2
@Dlister,4
@dlister,1
@Gordon,1
@Arkos,2
@Dlister,14
@dlister,1
@Gordon,1
@Arkos,4
@Dlister,4
@dlister,1
@Gordon,1
@Arkos,2
@Dlister,10
@dlister,1
@Gordon,1
@Arkos,2
@Dlister,4
@dlister,1
@Gordon,1
@Arkos,2
@Steven,1
@Geekism,1
